"Day","Mean Area","Area SD","Mean Perimeter","Perimeter SD","Mean Ferets Diameter","Ferets Diameter SD"
"0",20.4953333333333,6.47430245406149,22.9893333333333,4.00016407996805,7.02983333333333,1.21143739692428
"1",19.018,5.86969178066447,21.4226666666667,4.64773780098089,6.51583333333333,1.72534998381971
"10",15.096,8.50849570723286,16.1163333333333,5.65451917201336,5.44383333333333,2.09609173622403
"19",2.90766666666667,4.51986268227992,3.74833333333333,5.80982893609327,1.2515,1.93981604797981
